timestamp,content,author_id,like_count,retweet_count,reply_count,mentions,hashtags
Sun Aug 31 09:06:54 +0000 2025,"In the past 1 year, equityğŸ“‰ returns seem to have been eaten alive by Gold âœ¨ğŸ“ˆ. Equity is a long term investment subject to market risk.ğŸ˜…

#Nifty50 #GoldBees #AbhishekVigyan #EquityMarket #CommodityMarket https://t.co/N1BTmUvE2o",abhishekvigyan,0,0,0,,"Nifty50, GoldBees, AbhishekVigyan, EquityMarket, CommodityMarket"
Sun Aug 31 09:06:01 +0000 2025,"Reviewing NSE/Commodities charts this evening. If you're interested in any specific stock, feel free to drop it here.   Happy to analyze it with a focus on RSI learning.    Retweet must !!   
#trading #learning #stocktobuy #investing #NSE #RSI #nifty50 #Nifty #banknifty",MotlaSK,0,0,0,,"trading, learning, stocktobuy, investing, NSE, RSI, nifty50, Nifty, banknifty"
Sun Aug 31 09:00:11 +0000 2025,"Great trades are born at moments of uncertainty. 
.
.
#Nifty #Markets #niftycrash #Optionselling #USDINR #Rupee #sensex #signal #banknifty #smallcap #speedbot https://t.co/KSmrgB3Rav",SpeedbotT,0,0,0,,"Nifty, Markets, niftycrash, Optionselling, USDINR, Rupee, sensex, signal, banknifty, smallcap, speedbot"
Sun Aug 31 08:59:17 +0000 2025,"if this structure works to the downside then:#Nifty50 
confirmation awaited*
@vka27 
@IdiSrinivas https://t.co/2vrdsZdWbX",tradingdwave,0,0,0,"ğŸ‡®ğŸ‡³ VKA, Idi Srinivas Murthy",Nifty50
Sun Aug 31 08:58:32 +0000 2025,"#Gold weekly prediction by TDI
âœ…âœ…âœ…âœ…
XAUUSD-GOLD 
Sell at 3455

 SL 3468

Target:- 3445
Target:- 3440
Target:- 3435
Target:- 3430
Target:- 3425
Target:- 3420
Target:- 3400

#Stockmarket #forex #xausd #silver #mcx #crudeoil #giftnifty #sensex #finnifty #banknifty #india #ipo",tradingdocindia,1,0,0,,"Gold, Stockmarket, forex, xausd, silver, mcx, crudeoil, giftnifty, sensex, finnifty, banknifty, india, ipo"
Sun Aug 31 08:55:20 +0000 2025,"Upgraded: #RKSM(c) is an unique concept!

#BankNifty &amp; #Risk has to calculate for any #Asset!

Do your research/work with us  https://t.co/FDORpW8Mfa

#Nifty #Nifty50 #Commodities #Stocks #Gold #DataDecoder #TrendTracker #MarketInsights #StockMarket #FII #DII #Trading #ETH #BTC https://t.co/3nOG4UiGyd",researchrks,1,0,0,,"RKSM, BankNifty, Risk, Asset, Nifty, Nifty50, Commodities, Stocks, Gold, DataDecoder, TrendTracker, MarketInsights, StockMarket, FII, DII, Trading, ETH, BTC"
Sun Aug 31 08:51:14 +0000 2025,"25153.xx high(21st august).
#Nifty50",tradingdwave,0,0,0,,Nifty50
Sun Aug 31 08:49:29 +0000 2025,NSE REVISED BANK NIFTY FREEZE LIMIT FOR TRADERS. #NSE #BankNifty https://t.co/7tPV457Bnw,in_trend_today,0,0,0,,"NSE, BankNifty"
Sun Aug 31 08:48:23 +0000 2025,"@chuchu_36 Nifty âš¡ hovers near 24,250â€“24,700 range as ğŸ‡ºğŸ‡¸ tariffs, global data ğŸ“Š &amp; GST reforms ğŸ‡®ğŸ‡³ keep traders on edge ğŸ¤¯ #Nifty50ğŸ“ˆ #StockMarketğŸ“Š #BroccoliAiğŸ‡®ğŸ‡³",broccoli_tech,0,0,0,Winnie ğŸ¤ğŸ’¦,"Nifty50, StockMarket, BroccoliAi"
Sun Aug 31 08:47:53 +0000 2025,"Aprameya Engineering âœ… 
Weekly Breakout Done ğŸ”¥
CMP = 193

#Stocks #IPO #GMP #BSE #Breakoutstock #Nifty50 https://t.co/Xg5qC0Ckcg",HELTON_YT1,1,0,0,,"Stocks, IPO, GMP, BSE, Breakoutstock, Nifty50"
Sun Aug 31 08:47:25 +0000 2025,#StockMarketğŸ“Š #Nifty50ğŸ“ˆ #SensexğŸ“‰ #BankNiftyğŸ¦ #IndiaMarketsğŸ‡®ğŸ‡³ #GlobalMarketsğŸŒ #InvestingğŸ’¡ #TradingViewğŸ“‰ #OptionFlowğŸ“Š #MarketUpdateâš¡ #NSEIndiağŸ“ˆ #BSEIndiağŸ“Š #FIIFlowsğŸ’° #DIIBuyingğŸ“ˆ #GSTReformğŸ‡®ğŸ‡³ #USMarketsğŸ‡ºğŸ‡¸ #EurozoneğŸ“‰ #ForexğŸ’± #Commoditiesâš’ï¸ #MarketTrendsğŸ”¥,broccoli_tech,1,0,1,,"StockMarket, Nifty50, Sensex, BankNifty, IndiaMarkets, GlobalMarkets, Investing, TradingView, OptionFlow, MarketUpdate, NSEIndia, BSEIndia, FIIFlows, DIIBuying, GSTReform, USMarkets, Eurozone, Forex, Commodities, MarketTrends"
Sun Aug 31 08:47:23 +0000 2025,"ğŸ”¥ Thatâ€™s the full roadmap for the week ahead!

ğŸ’­ Which scenario do YOU see playing out â€” Base, Bull, or Bear? Drop your thoughts â¬‡ï¸

#Nifty50ğŸ“ˆ #SensexğŸ“‰ #FIIğŸ’° #DIIğŸ“Š #GlobalMarketsğŸŒ #IndiaEconomyğŸ‡®ğŸ‡³",broccoli_tech,0,0,1,,"Nifty50, Sensex, FII, DII, GlobalMarkets, IndiaEconomy"
Sun Aug 31 08:47:22 +0000 2025,"âš¡ Reliance â€“ The Wildcard

AGM highlights:
â€¢ ğŸ“¡ Jio IPO planned for H1 CY26
â€¢ ğŸ¤– Big bets on AI &amp; New Energy

Yet stock fell ~2% on AGM day. Pattern repeats: post-AGM letdowns.

ğŸ‘‰ With its heavy Nifty weight, RIL = key swing factor.
#Relianceâš¡ #Nifty50ğŸ“‰",broccoli_tech,0,0,1,,"Reliance, Nifty50"
Sun Aug 31 08:47:15 +0000 2025,"ğŸ¦ Bank Nifty Pressure

ğŸ“‰ August = -4%
âš ï¸ Julyâ€™s Dark Cloud Cover confirmed in Aug
ğŸ“Š Support: 53,600â€“53,500 â†’ break = 52,400
ğŸ“Š Resistance: 54,500â€“54,600

ğŸ‘‰ Banks need &gt;54,600 to bounce back.
#BankNiftyğŸ¦ #MarketsğŸ“‰",broccoli_tech,0,0,1,,"BankNifty, Markets"
Sun Aug 31 08:47:12 +0000 2025,"ğŸ“‰ August Wrap-Up
â€¢ Sensex: 79,809 (-270 pts)
â€¢ Nifty 50: 24,426 (-74 pts) â†’ 3rd straight fall
â€¢ Reliance -2% post AGM (AI + Jio IPO buzz but market not impressed)

ğŸ‘‰ Tariff jitters + weak sentiment = shaky start to Sept.
#Nifty50ğŸ“Š #Relianceâš¡",broccoli_tech,0,0,1,,"Nifty50, Reliance"
Sun Aug 31 08:39:29 +0000 2025,"#Paragparikhflexicap fund completely outperformed #Nifty50 index fund by around 8% Margin
6% vs -2% Returns for last 1 year
#investing https://t.co/4L9JO5hMFN",eibalaji,0,0,0,,"Paragparikhflexicap, Nifty50, investing"
